sample_id,user,split,intent_true,intent_pred,intent_true_name,intent_pred_name,intent_correct,joint_label
interaction_20260227_122606#0,user_C,test,1,1,select,select,1,office_select
interaction_20260227_122606#1,user_C,test,1,1,select,select,1,office_select
interaction_20260227_122606#2,user_C,test,1,1,select,select,1,office_select
interaction_20260227_122606#3,user_C,test,1,1,select,select,1,office_select
interaction_20260227_122606#4,user_C,test,1,1,select,select,1,office_select
interaction_20260227_122606#5,user_C,test,1,1,select,select,1,office_select
interaction_20260227_122606#6,user_C,test,1,1,select,select,1,office_select
interaction_20260227_122606#7,user_C,test,1,1,select,select,1,office_select
interaction_20260227_122606#8,user_C,test,1,1,select,select,1,office_select
interaction_20260227_122606#9,user_C,test,1,1,select,select,1,office_select
interaction_20260227_122606#10,user_C,test,1,1,select,select,1,office_select
interaction_20260227_122606#11,user_C,test,1,1,select,select,1,office_select
interaction_20260227_122606#12,user_C,test,1,1,select,select,1,office_select
interaction_20260227_122606#13,user_C,test,1,1,select,select,1,office_select
interaction_20260227_122606#14,user_C,test,1,1,select,select,1,office_select
interaction_20260227_122606#15,user_C,test,1,1,select,select,1,office_select
interaction_20260227_122606#16,user_C,test,1,1,select,select,1,office_select
interaction_20260227_122606#17,user_C,test,1,1,select,select,1,office_select
interaction_20260227_122606#18,user_C,test,1,1,select,select,1,office_select
interaction_20260227_122606#19,user_C,test,1,1,select,select,1,office_select
interaction_20260227_122606#20,user_C,test,1,1,select,select,1,office_select
interaction_20260227_122606#21,user_C,test,1,1,select,select,1,office_select
interaction_20260227_122606#22,user_C,test,1,1,select,select,1,office_select
interaction_20260227_122606#23,user_C,test,1,1,select,select,1,office_select
interaction_20260227_122606#24,user_C,test,1,1,select,select,1,office_select
interaction_20260227_122606#25,user_C,test,1,1,select,select,1,office_select
interaction_20260227_122606#26,user_C,test,1,1,select,select,1,office_select
interaction_20260227_122606#27,user_C,test,1,1,select,select,1,office_select
interaction_20260227_122606#28,user_C,test,1,1,select,select,1,office_select
interaction_20260227_122606#29,user_C,test,1,1,select,select,1,office_select
interaction_20260227_122606#30,user_C,test,1,1,select,select,1,office_select
interaction_20260227_122606#31,user_C,test,1,1,select,select,1,office_select
interaction_20260227_122606#32,user_C,test,1,1,select,select,1,office_select
interaction_20260227_122606#33,user_C,test,1,1,select,select,1,office_select
interaction_20260227_122606#34,user_C,test,1,1,select,select,1,office_select
interaction_20260227_122606#35,user_C,test,1,1,select,select,1,office_select
interaction_20260227_122606#36,user_C,test,1,1,select,select,1,office_select
interaction_20260227_122606#37,user_C,test,1,1,select,select,1,office_select
interaction_20260227_122606#38,user_C,test,1,1,select,select,1,office_select
interaction_20260227_122606#39,user_C,test,1,1,select,select,1,office_select
interaction_20260227_122606#40,user_C,test,1,1,select,select,1,office_select
interaction_20260227_122606#41,user_C,test,1,1,select,select,1,office_select
interaction_20260227_122606#42,user_C,test,1,1,select,select,1,office_select
interaction_20260227_122606#43,user_C,test,1,1,select,select,1,office_select
interaction_20260227_122606#44,user_C,test,1,1,select,select,1,office_select
interaction_20260227_122606#45,user_C,test,1,1,select,select,1,office_select
interaction_20260227_122606#46,user_C,test,1,1,select,select,1,office_select
interaction_20260227_122606#47,user_C,test,1,1,select,select,1,office_select
interaction_20260227_122606#48,user_C,test,1,1,select,select,1,office_select
interaction_20260227_122606#49,user_C,test,1,1,select,select,1,office_select
interaction_20260227_122606#50,user_C,test,1,1,select,select,1,office_select
interaction_20260227_122606#51,user_C,test,1,1,select,select,1,office_select
interaction_20260227_122606#52,user_C,test,1,1,select,select,1,office_select
interaction_20260227_122606#53,user_C,test,1,1,select,select,1,office_select
interaction_20260227_122952#0,user_C,test,2,2,magnify,magnify,1,office_magnify
interaction_20260227_122952#1,user_C,test,2,2,magnify,magnify,1,office_magnify
interaction_20260227_122952#2,user_C,test,2,2,magnify,magnify,1,office_magnify
interaction_20260227_122952#3,user_C,test,2,2,magnify,magnify,1,office_magnify
interaction_20260227_122952#4,user_C,test,2,2,magnify,magnify,1,office_magnify
interaction_20260227_122952#5,user_C,test,2,2,magnify,magnify,1,office_magnify
interaction_20260227_122952#6,user_C,test,2,2,magnify,magnify,1,office_magnify
interaction_20260227_122952#7,user_C,test,2,2,magnify,magnify,1,office_magnify
interaction_20260227_122952#8,user_C,test,2,2,magnify,magnify,1,office_magnify
interaction_20260227_122952#9,user_C,test,2,2,magnify,magnify,1,office_magnify
interaction_20260227_122952#10,user_C,test,2,2,magnify,magnify,1,office_magnify
interaction_20260227_122952#11,user_C,test,2,2,magnify,magnify,1,office_magnify
interaction_20260227_122952#12,user_C,test,2,2,magnify,magnify,1,office_magnify
interaction_20260227_122952#13,user_C,test,2,2,magnify,magnify,1,office_magnify
interaction_20260227_122952#14,user_C,test,2,2,magnify,magnify,1,office_magnify
interaction_20260227_122952#15,user_C,test,2,2,magnify,magnify,1,office_magnify
interaction_20260227_122952#16,user_C,test,2,2,magnify,magnify,1,office_magnify
interaction_20260227_122952#17,user_C,test,2,2,magnify,magnify,1,office_magnify
interaction_20260227_122952#18,user_C,test,2,2,magnify,magnify,1,office_magnify
interaction_20260227_122952#19,user_C,test,2,2,magnify,magnify,1,office_magnify
interaction_20260227_122952#20,user_C,test,2,2,magnify,magnify,1,office_magnify
interaction_20260227_122952#21,user_C,test,2,2,magnify,magnify,1,office_magnify
interaction_20260227_122952#22,user_C,test,2,2,magnify,magnify,1,office_magnify
interaction_20260227_122952#23,user_C,test,2,2,magnify,magnify,1,office_magnify
interaction_20260227_122952#24,user_C,test,2,2,magnify,magnify,1,office_magnify
interaction_20260227_122952#25,user_C,test,2,2,magnify,magnify,1,office_magnify
interaction_20260227_122952#26,user_C,test,2,2,magnify,magnify,1,office_magnify
interaction_20260227_122952#27,user_C,test,2,2,magnify,magnify,1,office_magnify
interaction_20260227_122952#28,user_C,test,2,2,magnify,magnify,1,office_magnify
interaction_20260227_122952#29,user_C,test,2,2,magnify,magnify,1,office_magnify
interaction_20260227_122952#30,user_C,test,2,2,magnify,magnify,1,office_magnify
interaction_20260227_122952#31,user_C,test,2,2,magnify,magnify,1,office_magnify
interaction_20260227_122952#32,user_C,test,2,2,magnify,magnify,1,office_magnify
interaction_20260227_122952#33,user_C,test,2,2,magnify,magnify,1,office_magnify
interaction_20260227_122952#34,user_C,test,2,2,magnify,magnify,1,office_magnify
interaction_20260227_122952#35,user_C,test,2,2,magnify,magnify,1,office_magnify
interaction_20260227_122952#36,user_C,test,2,2,magnify,magnify,1,office_magnify
interaction_20260227_122952#37,user_C,test,2,2,magnify,magnify,1,office_magnify
interaction_20260227_122952#38,user_C,test,2,2,magnify,magnify,1,office_magnify
interaction_20260227_122952#39,user_C,test,2,2,magnify,magnify,1,office_magnify
interaction_20260227_122952#40,user_C,test,2,2,magnify,magnify,1,office_magnify
interaction_20260227_122952#41,user_C,test,2,2,magnify,magnify,1,office_magnify
interaction_20260227_122952#42,user_C,test,2,2,magnify,magnify,1,office_magnify
interaction_20260227_122952#43,user_C,test,2,2,magnify,magnify,1,office_magnify
interaction_20260227_122952#44,user_C,test,2,2,magnify,magnify,1,office_magnify
interaction_20260227_122952#45,user_C,test,2,2,magnify,magnify,1,office_magnify
interaction_20260227_122952#46,user_C,test,2,2,magnify,magnify,1,office_magnify
interaction_20260227_122952#47,user_C,test,2,2,magnify,magnify,1,office_magnify
interaction_20260227_122952#48,user_C,test,2,2,magnify,magnify,1,office_magnify
interaction_20260227_122952#49,user_C,test,2,2,magnify,magnify,1,office_magnify
interaction_20260227_122952#50,user_C,test,2,2,magnify,magnify,1,office_magnify
interaction_20260227_122952#51,user_C,test,2,2,magnify,magnify,1,office_magnify
interaction_20260227_122952#52,user_C,test,2,2,magnify,magnify,1,office_magnify
interaction_20260227_122952#53,user_C,test,2,2,magnify,magnify,1,office_magnify
interaction_20260227_122952#54,user_C,test,2,2,magnify,magnify,1,office_magnify
interaction_20260227_122952#55,user_C,test,2,2,magnify,magnify,1,office_magnify
interaction_20260227_122952#56,user_C,test,2,2,magnify,magnify,1,office_magnify
interaction_20260227_122952#57,user_C,test,2,2,magnify,magnify,1,office_magnify
interaction_20260227_122952#58,user_C,test,2,2,magnify,magnify,1,office_magnify
interaction_20260227_122952#59,user_C,test,2,2,magnify,magnify,1,office_magnify
interaction_20260227_122952#60,user_C,test,2,2,magnify,magnify,1,office_magnify
interaction_20260227_122952#61,user_C,test,2,2,magnify,magnify,1,office_magnify
interaction_20260227_122952#62,user_C,test,2,2,magnify,magnify,1,office_magnify
interaction_20260227_122952#63,user_C,test,2,2,magnify,magnify,1,office_magnify
interaction_20260227_122952#64,user_C,test,2,4,magnify,brush,0,office_magnify
interaction_20260227_123354#0,user_C,test,3,3,narrow,narrow,1,office_narrow
interaction_20260227_123354#1,user_C,test,3,3,narrow,narrow,1,office_narrow
interaction_20260227_123354#2,user_C,test,3,3,narrow,narrow,1,office_narrow
interaction_20260227_123354#3,user_C,test,3,3,narrow,narrow,1,office_narrow
interaction_20260227_123354#4,user_C,test,3,3,narrow,narrow,1,office_narrow
interaction_20260227_123354#5,user_C,test,3,3,narrow,narrow,1,office_narrow
interaction_20260227_123354#6,user_C,test,3,3,narrow,narrow,1,office_narrow
interaction_20260227_123354#7,user_C,test,3,3,narrow,narrow,1,office_narrow
interaction_20260227_123354#8,user_C,test,3,3,narrow,narrow,1,office_narrow
interaction_20260227_123354#9,user_C,test,3,3,narrow,narrow,1,office_narrow
interaction_20260227_123354#10,user_C,test,3,3,narrow,narrow,1,office_narrow
interaction_20260227_123354#11,user_C,test,3,3,narrow,narrow,1,office_narrow
interaction_20260227_123354#12,user_C,test,3,3,narrow,narrow,1,office_narrow
interaction_20260227_123354#13,user_C,test,3,3,narrow,narrow,1,office_narrow
interaction_20260227_123354#14,user_C,test,3,3,narrow,narrow,1,office_narrow
interaction_20260227_123354#15,user_C,test,3,3,narrow,narrow,1,office_narrow
interaction_20260227_123354#16,user_C,test,3,3,narrow,narrow,1,office_narrow
interaction_20260227_123354#17,user_C,test,3,3,narrow,narrow,1,office_narrow
interaction_20260227_123354#18,user_C,test,3,3,narrow,narrow,1,office_narrow
interaction_20260227_123354#19,user_C,test,3,3,narrow,narrow,1,office_narrow
interaction_20260227_123354#20,user_C,test,3,3,narrow,narrow,1,office_narrow
interaction_20260227_123354#21,user_C,test,3,3,narrow,narrow,1,office_narrow
interaction_20260227_123354#22,user_C,test,3,3,narrow,narrow,1,office_narrow
interaction_20260227_123354#23,user_C,test,3,3,narrow,narrow,1,office_narrow
interaction_20260227_123354#24,user_C,test,3,3,narrow,narrow,1,office_narrow
interaction_20260227_123354#25,user_C,test,3,3,narrow,narrow,1,office_narrow
interaction_20260227_123354#26,user_C,test,3,3,narrow,narrow,1,office_narrow
interaction_20260227_123354#27,user_C,test,3,3,narrow,narrow,1,office_narrow
interaction_20260227_123354#28,user_C,test,3,3,narrow,narrow,1,office_narrow
interaction_20260227_123354#29,user_C,test,3,3,narrow,narrow,1,office_narrow
interaction_20260227_123354#30,user_C,test,3,3,narrow,narrow,1,office_narrow
interaction_20260227_123354#31,user_C,test,3,3,narrow,narrow,1,office_narrow
interaction_20260227_123354#32,user_C,test,3,3,narrow,narrow,1,office_narrow
interaction_20260227_123354#33,user_C,test,3,3,narrow,narrow,1,office_narrow
interaction_20260227_123354#34,user_C,test,3,3,narrow,narrow,1,office_narrow
interaction_20260227_123354#35,user_C,test,3,3,narrow,narrow,1,office_narrow
interaction_20260227_123354#36,user_C,test,3,3,narrow,narrow,1,office_narrow
interaction_20260227_123354#37,user_C,test,3,3,narrow,narrow,1,office_narrow
interaction_20260227_123354#38,user_C,test,3,3,narrow,narrow,1,office_narrow
interaction_20260227_123354#39,user_C,test,3,3,narrow,narrow,1,office_narrow
interaction_20260227_123354#40,user_C,test,3,3,narrow,narrow,1,office_narrow
interaction_20260227_123354#41,user_C,test,3,3,narrow,narrow,1,office_narrow
interaction_20260227_123354#42,user_C,test,3,3,narrow,narrow,1,office_narrow
interaction_20260227_123354#43,user_C,test,3,3,narrow,narrow,1,office_narrow
interaction_20260227_123354#44,user_C,test,3,3,narrow,narrow,1,office_narrow
interaction_20260227_123354#45,user_C,test,3,3,narrow,narrow,1,office_narrow
interaction_20260227_123354#46,user_C,test,3,3,narrow,narrow,1,office_narrow
interaction_20260227_123354#47,user_C,test,3,3,narrow,narrow,1,office_narrow
interaction_20260227_123354#48,user_C,test,3,3,narrow,narrow,1,office_narrow
interaction_20260227_123354#49,user_C,test,3,3,narrow,narrow,1,office_narrow
interaction_20260227_123354#50,user_C,test,3,3,narrow,narrow,1,office_narrow
interaction_20260227_123354#51,user_C,test,3,3,narrow,narrow,1,office_narrow
interaction_20260227_123354#52,user_C,test,3,3,narrow,narrow,1,office_narrow
interaction_20260227_123354#53,user_C,test,3,3,narrow,narrow,1,office_narrow
interaction_20260227_123354#54,user_C,test,3,3,narrow,narrow,1,office_narrow
interaction_20260227_123354#55,user_C,test,3,3,narrow,narrow,1,office_narrow
interaction_20260227_123354#56,user_C,test,3,3,narrow,narrow,1,office_narrow
interaction_20260227_123354#57,user_C,test,3,3,narrow,narrow,1,office_narrow
interaction_20260227_123354#58,user_C,test,3,3,narrow,narrow,1,office_narrow
interaction_20260227_123354#59,user_C,test,3,3,narrow,narrow,1,office_narrow
interaction_20260227_123354#60,user_C,test,3,3,narrow,narrow,1,office_narrow
interaction_20260227_123354#61,user_C,test,3,3,narrow,narrow,1,office_narrow
interaction_20260227_123354#62,user_C,test,3,3,narrow,narrow,1,office_narrow
interaction_20260227_123354#63,user_C,test,3,3,narrow,narrow,1,office_narrow
interaction_20260227_123354#64,user_C,test,3,3,narrow,narrow,1,office_narrow
interaction_20260227_123354#65,user_C,test,3,3,narrow,narrow,1,office_narrow
interaction_20260227_123354#66,user_C,test,3,3,narrow,narrow,1,office_narrow
interaction_20260227_123354#67,user_C,test,3,3,narrow,narrow,1,office_narrow
interaction_20260227_123745#0,user_C,test,5,5,cancel,cancel,1,office_cancel
interaction_20260227_123745#1,user_C,test,5,5,cancel,cancel,1,office_cancel
interaction_20260227_123745#2,user_C,test,5,5,cancel,cancel,1,office_cancel
interaction_20260227_123745#3,user_C,test,5,5,cancel,cancel,1,office_cancel
interaction_20260227_123745#4,user_C,test,5,5,cancel,cancel,1,office_cancel
interaction_20260227_123745#5,user_C,test,5,5,cancel,cancel,1,office_cancel
interaction_20260227_123745#6,user_C,test,5,5,cancel,cancel,1,office_cancel
interaction_20260227_123745#7,user_C,test,5,5,cancel,cancel,1,office_cancel
interaction_20260227_123745#8,user_C,test,5,5,cancel,cancel,1,office_cancel
interaction_20260227_123745#9,user_C,test,5,5,cancel,cancel,1,office_cancel
interaction_20260227_123745#10,user_C,test,5,5,cancel,cancel,1,office_cancel
interaction_20260227_123745#11,user_C,test,5,5,cancel,cancel,1,office_cancel
interaction_20260227_123745#12,user_C,test,5,5,cancel,cancel,1,office_cancel
interaction_20260227_123745#13,user_C,test,5,5,cancel,cancel,1,office_cancel
interaction_20260227_123745#14,user_C,test,5,5,cancel,cancel,1,office_cancel
interaction_20260227_123745#15,user_C,test,5,5,cancel,cancel,1,office_cancel
interaction_20260227_123745#16,user_C,test,5,5,cancel,cancel,1,office_cancel
interaction_20260227_123745#17,user_C,test,5,5,cancel,cancel,1,office_cancel
interaction_20260227_123745#18,user_C,test,5,5,cancel,cancel,1,office_cancel
interaction_20260227_123745#19,user_C,test,5,5,cancel,cancel,1,office_cancel
interaction_20260227_123745#20,user_C,test,5,5,cancel,cancel,1,office_cancel
interaction_20260227_123745#21,user_C,test,5,5,cancel,cancel,1,office_cancel
interaction_20260227_123745#22,user_C,test,5,5,cancel,cancel,1,office_cancel
interaction_20260227_123745#23,user_C,test,5,5,cancel,cancel,1,office_cancel
interaction_20260227_123745#24,user_C,test,5,5,cancel,cancel,1,office_cancel
interaction_20260227_123745#25,user_C,test,5,5,cancel,cancel,1,office_cancel
interaction_20260227_123745#26,user_C,test,5,5,cancel,cancel,1,office_cancel
interaction_20260227_123745#27,user_C,test,5,5,cancel,cancel,1,office_cancel
interaction_20260227_123745#28,user_C,test,5,5,cancel,cancel,1,office_cancel
interaction_20260227_123745#29,user_C,test,5,5,cancel,cancel,1,office_cancel
interaction_20260227_123745#30,user_C,test,5,5,cancel,cancel,1,office_cancel
interaction_20260227_123745#31,user_C,test,5,5,cancel,cancel,1,office_cancel
interaction_20260227_123745#32,user_C,test,5,5,cancel,cancel,1,office_cancel
interaction_20260227_123745#33,user_C,test,5,5,cancel,cancel,1,office_cancel
interaction_20260227_123745#34,user_C,test,5,5,cancel,cancel,1,office_cancel
interaction_20260227_123745#35,user_C,test,5,5,cancel,cancel,1,office_cancel
interaction_20260227_123745#36,user_C,test,5,5,cancel,cancel,1,office_cancel
interaction_20260227_123745#37,user_C,test,5,5,cancel,cancel,1,office_cancel
interaction_20260227_123745#38,user_C,test,5,5,cancel,cancel,1,office_cancel
interaction_20260227_123745#39,user_C,test,5,5,cancel,cancel,1,office_cancel
interaction_20260227_123745#40,user_C,test,5,5,cancel,cancel,1,office_cancel
interaction_20260227_123745#41,user_C,test,5,5,cancel,cancel,1,office_cancel
interaction_20260227_123745#42,user_C,test,5,5,cancel,cancel,1,office_cancel
interaction_20260227_123745#43,user_C,test,5,5,cancel,cancel,1,office_cancel
interaction_20260227_123745#44,user_C,test,5,5,cancel,cancel,1,office_cancel
interaction_20260227_123745#45,user_C,test,5,5,cancel,cancel,1,office_cancel
interaction_20260227_123745#46,user_C,test,5,5,cancel,cancel,1,office_cancel
interaction_20260227_123745#47,user_C,test,5,5,cancel,cancel,1,office_cancel
interaction_20260227_123745#48,user_C,test,5,5,cancel,cancel,1,office_cancel
interaction_20260227_123745#49,user_C,test,5,5,cancel,cancel,1,office_cancel
interaction_20260227_123745#50,user_C,test,5,5,cancel,cancel,1,office_cancel
interaction_20260227_123745#51,user_C,test,5,5,cancel,cancel,1,office_cancel
interaction_20260227_123745#52,user_C,test,5,5,cancel,cancel,1,office_cancel
interaction_20260227_123745#53,user_C,test,5,5,cancel,cancel,1,office_cancel
interaction_20260227_123745#54,user_C,test,5,5,cancel,cancel,1,office_cancel
interaction_20260227_123745#55,user_C,test,5,5,cancel,cancel,1,office_cancel
interaction_20260227_123745#56,user_C,test,5,5,cancel,cancel,1,office_cancel
interaction_20260227_123745#57,user_C,test,5,5,cancel,cancel,1,office_cancel
interaction_20260227_123745#58,user_C,test,5,5,cancel,cancel,1,office_cancel
interaction_20260227_123745#59,user_C,test,5,5,cancel,cancel,1,office_cancel
interaction_20260227_124559#0,user_C,test,4,4,brush,brush,1,office_brush
interaction_20260227_124559#1,user_C,test,4,4,brush,brush,1,office_brush
interaction_20260227_124559#2,user_C,test,4,4,brush,brush,1,office_brush
interaction_20260227_124559#3,user_C,test,4,4,brush,brush,1,office_brush
interaction_20260227_124559#4,user_C,test,4,4,brush,brush,1,office_brush
interaction_20260227_124559#5,user_C,test,4,4,brush,brush,1,office_brush
interaction_20260227_124559#6,user_C,test,4,4,brush,brush,1,office_brush
interaction_20260227_124559#7,user_C,test,4,4,brush,brush,1,office_brush
interaction_20260227_124559#8,user_C,test,4,4,brush,brush,1,office_brush
interaction_20260227_124559#9,user_C,test,4,4,brush,brush,1,office_brush
interaction_20260227_124559#10,user_C,test,4,4,brush,brush,1,office_brush
interaction_20260227_124559#11,user_C,test,4,4,brush,brush,1,office_brush
interaction_20260227_124559#12,user_C,test,4,4,brush,brush,1,office_brush
interaction_20260227_124559#13,user_C,test,4,4,brush,brush,1,office_brush
interaction_20260227_124559#14,user_C,test,4,2,brush,magnify,0,office_brush
interaction_20260227_124559#15,user_C,test,4,4,brush,brush,1,office_brush
interaction_20260227_124559#16,user_C,test,4,4,brush,brush,1,office_brush
interaction_20260227_124559#17,user_C,test,4,1,brush,select,0,office_brush
interaction_20260227_124559#18,user_C,test,4,4,brush,brush,1,office_brush
interaction_20260227_124559#19,user_C,test,4,4,brush,brush,1,office_brush
interaction_20260227_124559#20,user_C,test,4,4,brush,brush,1,office_brush
interaction_20260227_124559#21,user_C,test,4,4,brush,brush,1,office_brush
interaction_20260227_124559#22,user_C,test,4,4,brush,brush,1,office_brush
interaction_20260227_124559#23,user_C,test,4,4,brush,brush,1,office_brush
interaction_20260227_124559#24,user_C,test,4,4,brush,brush,1,office_brush
interaction_20260227_124559#25,user_C,test,4,4,brush,brush,1,office_brush
interaction_20260227_124559#26,user_C,test,4,4,brush,brush,1,office_brush
interaction_20260227_124559#27,user_C,test,4,4,brush,brush,1,office_brush
interaction_20260227_124559#28,user_C,test,4,4,brush,brush,1,office_brush
interaction_20260227_124559#29,user_C,test,4,4,brush,brush,1,office_brush
interaction_20260227_124559#30,user_C,test,4,4,brush,brush,1,office_brush
interaction_20260227_124559#31,user_C,test,4,4,brush,brush,1,office_brush
interaction_20260227_124559#32,user_C,test,4,4,brush,brush,1,office_brush
interaction_20260227_124559#33,user_C,test,4,4,brush,brush,1,office_brush
interaction_20260227_124559#34,user_C,test,4,4,brush,brush,1,office_brush
interaction_20260227_124559#35,user_C,test,4,4,brush,brush,1,office_brush
interaction_20260227_124559#36,user_C,test,4,4,brush,brush,1,office_brush
interaction_20260227_124559#37,user_C,test,4,4,brush,brush,1,office_brush
interaction_20260227_124559#38,user_C,test,4,4,brush,brush,1,office_brush
interaction_20260227_124559#39,user_C,test,4,4,brush,brush,1,office_brush
interaction_20260227_124559#40,user_C,test,4,4,brush,brush,1,office_brush
interaction_20260227_124559#41,user_C,test,4,4,brush,brush,1,office_brush
interaction_20260227_124559#42,user_C,test,4,4,brush,brush,1,office_brush
interaction_20260227_124559#43,user_C,test,4,4,brush,brush,1,office_brush
interaction_20260227_124559#44,user_C,test,4,4,brush,brush,1,office_brush
interaction_20260227_124559#45,user_C,test,4,4,brush,brush,1,office_brush
interaction_20260227_124559#46,user_C,test,4,4,brush,brush,1,office_brush
interaction_20260227_124559#47,user_C,test,4,4,brush,brush,1,office_brush
interaction_20260227_124559#48,user_C,test,4,4,brush,brush,1,office_brush
interaction_20260227_124559#49,user_C,test,4,4,brush,brush,1,office_brush
interaction_20260227_124559#50,user_C,test,4,4,brush,brush,1,office_brush
interaction_20260227_124559#51,user_C,test,4,4,brush,brush,1,office_brush
interaction_20260227_124559#52,user_C,test,4,4,brush,brush,1,office_brush
interaction_20260227_124559#53,user_C,test,4,4,brush,brush,1,office_brush
interaction_20260227_124559#54,user_C,test,4,4,brush,brush,1,office_brush
interaction_20260227_124559#55,user_C,test,4,4,brush,brush,1,office_brush
interaction_20260227_124559#56,user_C,test,4,4,brush,brush,1,office_brush
interaction_20260227_124559#57,user_C,test,4,4,brush,brush,1,office_brush
interaction_20260227_124559#58,user_C,test,4,4,brush,brush,1,office_brush
interaction_20260227_124559#59,user_C,test,4,5,brush,cancel,0,office_brush
interaction_20260227_124559#60,user_C,test,4,4,brush,brush,1,office_brush
interaction_20260227_124559#61,user_C,test,4,4,brush,brush,1,office_brush
interaction_20260227_124559#62,user_C,test,4,4,brush,brush,1,office_brush
interaction_20260227_124559#63,user_C,test,4,2,brush,magnify,0,office_brush
interaction_20260227_124559#64,user_C,test,4,4,brush,brush,1,office_brush
interaction_20260227_124559#65,user_C,test,4,4,brush,brush,1,office_brush
interaction_20260306_072344#0,user_C,test,0,0,menu,menu,1,office_menu
interaction_20260306_072344#1,user_C,test,0,0,menu,menu,1,office_menu
interaction_20260306_072344#2,user_C,test,0,0,menu,menu,1,office_menu
interaction_20260306_072344#3,user_C,test,0,0,menu,menu,1,office_menu
interaction_20260306_072344#4,user_C,test,0,0,menu,menu,1,office_menu
interaction_20260306_072344#5,user_C,test,0,0,menu,menu,1,office_menu
interaction_20260306_072344#6,user_C,test,0,0,menu,menu,1,office_menu
interaction_20260306_072344#7,user_C,test,0,0,menu,menu,1,office_menu
interaction_20260306_072344#8,user_C,test,0,0,menu,menu,1,office_menu
interaction_20260306_072344#9,user_C,test,0,0,menu,menu,1,office_menu
interaction_20260306_072344#10,user_C,test,0,0,menu,menu,1,office_menu
interaction_20260306_072344#11,user_C,test,0,0,menu,menu,1,office_menu
interaction_20260306_072344#12,user_C,test,0,0,menu,menu,1,office_menu
interaction_20260306_072344#13,user_C,test,0,0,menu,menu,1,office_menu
interaction_20260306_072344#14,user_C,test,0,0,menu,menu,1,office_menu
interaction_20260306_072344#15,user_C,test,0,0,menu,menu,1,office_menu
interaction_20260306_072344#16,user_C,test,0,0,menu,menu,1,office_menu
interaction_20260306_072344#17,user_C,test,0,0,menu,menu,1,office_menu
interaction_20260306_072344#18,user_C,test,0,0,menu,menu,1,office_menu
interaction_20260306_072344#19,user_C,test,0,0,menu,menu,1,office_menu
interaction_20260306_072344#20,user_C,test,0,0,menu,menu,1,office_menu
interaction_20260306_072344#21,user_C,test,0,0,menu,menu,1,office_menu
interaction_20260306_072344#22,user_C,test,0,0,menu,menu,1,office_menu
interaction_20260306_072344#23,user_C,test,0,0,menu,menu,1,office_menu
interaction_20260306_072344#24,user_C,test,0,0,menu,menu,1,office_menu
interaction_20260306_072344#25,user_C,test,0,0,menu,menu,1,office_menu
interaction_20260306_072344#26,user_C,test,0,0,menu,menu,1,office_menu
interaction_20260306_072344#27,user_C,test,0,0,menu,menu,1,office_menu
interaction_20260306_072344#28,user_C,test,0,0,menu,menu,1,office_menu
interaction_20260306_072344#29,user_C,test,0,0,menu,menu,1,office_menu
interaction_20260306_072344#30,user_C,test,0,0,menu,menu,1,office_menu
interaction_20260306_072344#31,user_C,test,0,0,menu,menu,1,office_menu
interaction_20260306_072344#32,user_C,test,0,0,menu,menu,1,office_menu
interaction_20260306_072344#33,user_C,test,0,0,menu,menu,1,office_menu
interaction_20260306_072344#34,user_C,test,0,0,menu,menu,1,office_menu
interaction_20260306_072344#35,user_C,test,0,0,menu,menu,1,office_menu
interaction_20260306_072344#36,user_C,test,0,0,menu,menu,1,office_menu
interaction_20260306_072344#37,user_C,test,0,0,menu,menu,1,office_menu
interaction_20260306_072344#38,user_C,test,0,0,menu,menu,1,office_menu
interaction_20260306_072344#39,user_C,test,0,0,menu,menu,1,office_menu
interaction_20260306_072344#40,user_C,test,0,0,menu,menu,1,office_menu
interaction_20260306_072344#41,user_C,test,0,0,menu,menu,1,office_menu
interaction_20260306_072344#42,user_C,test,0,0,menu,menu,1,office_menu
interaction_20260306_072344#43,user_C,test,0,0,menu,menu,1,office_menu
interaction_20260306_072344#44,user_C,test,0,0,menu,menu,1,office_menu
interaction_20260306_072344#45,user_C,test,0,0,menu,menu,1,office_menu
interaction_20260306_072344#46,user_C,test,0,0,menu,menu,1,office_menu
interaction_20260306_072344#47,user_C,test,0,0,menu,menu,1,office_menu
interaction_20260306_072344#48,user_C,test,0,0,menu,menu,1,office_menu
interaction_20260306_072344#49,user_C,test,0,0,menu,menu,1,office_menu
interaction_20260306_072344#50,user_C,test,0,0,menu,menu,1,office_menu
interaction_20260306_072344#51,user_C,test,0,0,menu,menu,1,office_menu
interaction_20260306_072344#52,user_C,test,0,0,menu,menu,1,office_menu
interaction_20260306_072344#53,user_C,test,0,0,menu,menu,1,office_menu
interaction_20260306_082346#0,user_C,test,2,2,magnify,magnify,1,museum_magnify
interaction_20260306_082346#1,user_C,test,2,2,magnify,magnify,1,museum_magnify
interaction_20260306_082346#2,user_C,test,2,2,magnify,magnify,1,museum_magnify
interaction_20260306_082346#3,user_C,test,2,2,magnify,magnify,1,museum_magnify
interaction_20260306_082346#4,user_C,test,2,2,magnify,magnify,1,museum_magnify
interaction_20260306_082346#5,user_C,test,2,2,magnify,magnify,1,museum_magnify
interaction_20260306_082346#6,user_C,test,2,2,magnify,magnify,1,museum_magnify
interaction_20260306_082346#7,user_C,test,2,2,magnify,magnify,1,museum_magnify
interaction_20260306_082346#8,user_C,test,2,2,magnify,magnify,1,museum_magnify
interaction_20260306_082346#9,user_C,test,2,2,magnify,magnify,1,museum_magnify
interaction_20260306_082346#10,user_C,test,2,2,magnify,magnify,1,museum_magnify
interaction_20260306_082346#11,user_C,test,2,2,magnify,magnify,1,museum_magnify
interaction_20260306_082346#12,user_C,test,2,2,magnify,magnify,1,museum_magnify
interaction_20260306_082346#13,user_C,test,2,2,magnify,magnify,1,museum_magnify
interaction_20260306_082346#14,user_C,test,2,2,magnify,magnify,1,museum_magnify
interaction_20260306_082346#15,user_C,test,2,2,magnify,magnify,1,museum_magnify
interaction_20260306_082346#16,user_C,test,2,2,magnify,magnify,1,museum_magnify
interaction_20260306_082346#17,user_C,test,2,2,magnify,magnify,1,museum_magnify
interaction_20260306_082346#18,user_C,test,2,2,magnify,magnify,1,museum_magnify
interaction_20260306_082346#19,user_C,test,2,2,magnify,magnify,1,museum_magnify
interaction_20260306_082346#20,user_C,test,2,2,magnify,magnify,1,museum_magnify
interaction_20260306_082346#21,user_C,test,2,2,magnify,magnify,1,museum_magnify
interaction_20260306_082346#22,user_C,test,2,2,magnify,magnify,1,museum_magnify
interaction_20260306_082346#23,user_C,test,2,2,magnify,magnify,1,museum_magnify
interaction_20260306_082346#24,user_C,test,2,2,magnify,magnify,1,museum_magnify
interaction_20260306_082346#25,user_C,test,2,2,magnify,magnify,1,museum_magnify
interaction_20260306_082346#26,user_C,test,2,2,magnify,magnify,1,museum_magnify
interaction_20260306_082346#27,user_C,test,2,2,magnify,magnify,1,museum_magnify
interaction_20260306_082346#28,user_C,test,2,2,magnify,magnify,1,museum_magnify
interaction_20260306_082346#29,user_C,test,2,2,magnify,magnify,1,museum_magnify
interaction_20260306_082346#30,user_C,test,2,2,magnify,magnify,1,museum_magnify
interaction_20260306_082346#31,user_C,test,2,2,magnify,magnify,1,museum_magnify
interaction_20260306_082346#32,user_C,test,2,2,magnify,magnify,1,museum_magnify
interaction_20260306_082346#33,user_C,test,2,2,magnify,magnify,1,museum_magnify
interaction_20260306_082346#34,user_C,test,2,2,magnify,magnify,1,museum_magnify
interaction_20260306_082346#35,user_C,test,2,2,magnify,magnify,1,museum_magnify
interaction_20260306_082346#36,user_C,test,2,2,magnify,magnify,1,museum_magnify
interaction_20260306_082346#37,user_C,test,2,2,magnify,magnify,1,museum_magnify
interaction_20260306_082346#38,user_C,test,2,2,magnify,magnify,1,museum_magnify
interaction_20260306_082346#39,user_C,test,2,2,magnify,magnify,1,museum_magnify
interaction_20260306_082346#40,user_C,test,2,2,magnify,magnify,1,museum_magnify
interaction_20260306_082346#41,user_C,test,2,2,magnify,magnify,1,museum_magnify
interaction_20260306_082346#42,user_C,test,2,2,magnify,magnify,1,museum_magnify
interaction_20260306_082346#43,user_C,test,2,2,magnify,magnify,1,museum_magnify
interaction_20260306_082346#44,user_C,test,2,2,magnify,magnify,1,museum_magnify
interaction_20260306_082346#45,user_C,test,2,2,magnify,magnify,1,museum_magnify
interaction_20260306_082346#46,user_C,test,2,2,magnify,magnify,1,museum_magnify
interaction_20260306_082346#47,user_C,test,2,2,magnify,magnify,1,museum_magnify
interaction_20260306_082346#48,user_C,test,2,2,magnify,magnify,1,museum_magnify
interaction_20260306_082346#49,user_C,test,2,2,magnify,magnify,1,museum_magnify
interaction_20260306_083107#0,user_C,test,3,3,narrow,narrow,1,museum_narrow
interaction_20260306_083107#1,user_C,test,3,3,narrow,narrow,1,museum_narrow
interaction_20260306_083107#2,user_C,test,3,3,narrow,narrow,1,museum_narrow
interaction_20260306_083107#3,user_C,test,3,3,narrow,narrow,1,museum_narrow
interaction_20260306_083107#4,user_C,test,3,3,narrow,narrow,1,museum_narrow
interaction_20260306_083107#5,user_C,test,3,3,narrow,narrow,1,museum_narrow
interaction_20260306_083107#6,user_C,test,3,3,narrow,narrow,1,museum_narrow
interaction_20260306_083107#7,user_C,test,3,3,narrow,narrow,1,museum_narrow
interaction_20260306_083107#8,user_C,test,3,3,narrow,narrow,1,museum_narrow
interaction_20260306_083107#9,user_C,test,3,3,narrow,narrow,1,museum_narrow
interaction_20260306_083107#10,user_C,test,3,3,narrow,narrow,1,museum_narrow
interaction_20260306_083107#11,user_C,test,3,3,narrow,narrow,1,museum_narrow
interaction_20260306_083107#12,user_C,test,3,3,narrow,narrow,1,museum_narrow
interaction_20260306_083107#13,user_C,test,3,3,narrow,narrow,1,museum_narrow
interaction_20260306_083107#14,user_C,test,3,3,narrow,narrow,1,museum_narrow
interaction_20260306_083107#15,user_C,test,3,3,narrow,narrow,1,museum_narrow
interaction_20260306_083107#16,user_C,test,3,3,narrow,narrow,1,museum_narrow
interaction_20260306_083107#17,user_C,test,3,3,narrow,narrow,1,museum_narrow
interaction_20260306_083107#18,user_C,test,3,3,narrow,narrow,1,museum_narrow
interaction_20260306_083107#19,user_C,test,3,3,narrow,narrow,1,museum_narrow
interaction_20260306_083107#20,user_C,test,3,3,narrow,narrow,1,museum_narrow
interaction_20260306_083107#21,user_C,test,3,3,narrow,narrow,1,museum_narrow
interaction_20260306_083107#22,user_C,test,3,3,narrow,narrow,1,museum_narrow
interaction_20260306_083107#23,user_C,test,3,3,narrow,narrow,1,museum_narrow
interaction_20260306_083107#24,user_C,test,3,3,narrow,narrow,1,museum_narrow
interaction_20260306_083107#25,user_C,test,3,3,narrow,narrow,1,museum_narrow
interaction_20260306_083107#26,user_C,test,3,3,narrow,narrow,1,museum_narrow
interaction_20260306_083107#27,user_C,test,3,3,narrow,narrow,1,museum_narrow
interaction_20260306_083107#28,user_C,test,3,2,narrow,magnify,0,museum_narrow
interaction_20260306_083107#29,user_C,test,3,3,narrow,narrow,1,museum_narrow
interaction_20260306_083107#30,user_C,test,3,3,narrow,narrow,1,museum_narrow
interaction_20260306_083107#31,user_C,test,3,3,narrow,narrow,1,museum_narrow
interaction_20260306_083107#32,user_C,test,3,3,narrow,narrow,1,museum_narrow
interaction_20260306_083107#33,user_C,test,3,3,narrow,narrow,1,museum_narrow
interaction_20260306_083107#34,user_C,test,3,3,narrow,narrow,1,museum_narrow
interaction_20260306_083107#35,user_C,test,3,3,narrow,narrow,1,museum_narrow
interaction_20260306_083107#36,user_C,test,3,3,narrow,narrow,1,museum_narrow
interaction_20260306_083107#37,user_C,test,3,3,narrow,narrow,1,museum_narrow
interaction_20260306_083107#38,user_C,test,3,3,narrow,narrow,1,museum_narrow
interaction_20260306_083107#39,user_C,test,3,3,narrow,narrow,1,museum_narrow
interaction_20260306_083107#40,user_C,test,3,3,narrow,narrow,1,museum_narrow
interaction_20260306_083107#41,user_C,test,3,3,narrow,narrow,1,museum_narrow
interaction_20260306_083107#42,user_C,test,3,3,narrow,narrow,1,museum_narrow
interaction_20260306_083107#43,user_C,test,3,3,narrow,narrow,1,museum_narrow
interaction_20260306_083107#44,user_C,test,3,3,narrow,narrow,1,museum_narrow
interaction_20260306_083107#45,user_C,test,3,3,narrow,narrow,1,museum_narrow
interaction_20260306_083107#46,user_C,test,3,3,narrow,narrow,1,museum_narrow
interaction_20260306_083434#0,user_C,test,1,1,select,select,1,museum_select
interaction_20260306_083434#1,user_C,test,1,1,select,select,1,museum_select
interaction_20260306_083434#2,user_C,test,1,1,select,select,1,museum_select
interaction_20260306_083434#3,user_C,test,1,1,select,select,1,museum_select
interaction_20260306_083434#4,user_C,test,1,1,select,select,1,museum_select
interaction_20260306_083434#5,user_C,test,1,1,select,select,1,museum_select
interaction_20260306_083434#6,user_C,test,1,1,select,select,1,museum_select
interaction_20260306_083434#7,user_C,test,1,1,select,select,1,museum_select
interaction_20260306_083434#8,user_C,test,1,1,select,select,1,museum_select
interaction_20260306_083434#9,user_C,test,1,1,select,select,1,museum_select
interaction_20260306_083434#10,user_C,test,1,1,select,select,1,museum_select
interaction_20260306_083434#11,user_C,test,1,1,select,select,1,museum_select
interaction_20260306_083434#12,user_C,test,1,1,select,select,1,museum_select
interaction_20260306_083434#13,user_C,test,1,1,select,select,1,museum_select
interaction_20260306_083434#14,user_C,test,1,1,select,select,1,museum_select
interaction_20260306_083434#15,user_C,test,1,1,select,select,1,museum_select
interaction_20260306_083434#16,user_C,test,1,1,select,select,1,museum_select
interaction_20260306_083434#17,user_C,test,1,1,select,select,1,museum_select
interaction_20260306_083434#18,user_C,test,1,1,select,select,1,museum_select
interaction_20260306_083434#19,user_C,test,1,1,select,select,1,museum_select
interaction_20260306_083434#20,user_C,test,1,1,select,select,1,museum_select
interaction_20260306_083434#21,user_C,test,1,1,select,select,1,museum_select
interaction_20260306_083434#22,user_C,test,1,1,select,select,1,museum_select
interaction_20260306_083434#23,user_C,test,1,1,select,select,1,museum_select
interaction_20260306_083434#24,user_C,test,1,1,select,select,1,museum_select
interaction_20260306_083434#25,user_C,test,1,1,select,select,1,museum_select
interaction_20260306_083434#26,user_C,test,1,1,select,select,1,museum_select
interaction_20260306_083434#27,user_C,test,1,1,select,select,1,museum_select
interaction_20260306_083434#28,user_C,test,1,1,select,select,1,museum_select
interaction_20260306_084406#0,user_C,test,0,0,menu,menu,1,museum_menu
interaction_20260306_084406#1,user_C,test,0,0,menu,menu,1,museum_menu
interaction_20260306_084406#2,user_C,test,0,0,menu,menu,1,museum_menu
interaction_20260306_084406#3,user_C,test,0,0,menu,menu,1,museum_menu
interaction_20260306_084406#4,user_C,test,0,0,menu,menu,1,museum_menu
interaction_20260306_084406#5,user_C,test,0,0,menu,menu,1,museum_menu
interaction_20260306_084406#6,user_C,test,0,0,menu,menu,1,museum_menu
interaction_20260306_084406#7,user_C,test,0,0,menu,menu,1,museum_menu
interaction_20260306_084406#8,user_C,test,0,0,menu,menu,1,museum_menu
interaction_20260306_084406#9,user_C,test,0,0,menu,menu,1,museum_menu
interaction_20260306_084406#10,user_C,test,0,0,menu,menu,1,museum_menu
interaction_20260306_084406#11,user_C,test,0,0,menu,menu,1,museum_menu
interaction_20260306_084406#12,user_C,test,0,0,menu,menu,1,museum_menu
interaction_20260306_084406#13,user_C,test,0,0,menu,menu,1,museum_menu
interaction_20260306_084406#14,user_C,test,0,0,menu,menu,1,museum_menu
interaction_20260306_084406#15,user_C,test,0,0,menu,menu,1,museum_menu
interaction_20260306_084406#16,user_C,test,0,0,menu,menu,1,museum_menu
interaction_20260306_084406#17,user_C,test,0,0,menu,menu,1,museum_menu
interaction_20260306_084406#18,user_C,test,0,0,menu,menu,1,museum_menu
interaction_20260306_084406#19,user_C,test,0,0,menu,menu,1,museum_menu
interaction_20260306_084406#20,user_C,test,0,0,menu,menu,1,museum_menu
interaction_20260306_084406#21,user_C,test,0,0,menu,menu,1,museum_menu
interaction_20260306_084406#22,user_C,test,0,0,menu,menu,1,museum_menu
interaction_20260306_084406#23,user_C,test,0,0,menu,menu,1,museum_menu
interaction_20260306_084406#24,user_C,test,0,0,menu,menu,1,museum_menu
interaction_20260306_084406#25,user_C,test,0,0,menu,menu,1,museum_menu
interaction_20260306_084406#26,user_C,test,0,0,menu,menu,1,museum_menu
interaction_20260306_084406#27,user_C,test,0,0,menu,menu,1,museum_menu
interaction_20260306_084406#28,user_C,test,0,0,menu,menu,1,museum_menu
interaction_20260306_084406#29,user_C,test,0,0,menu,menu,1,museum_menu
interaction_20260306_084406#30,user_C,test,0,0,menu,menu,1,museum_menu
interaction_20260306_084406#31,user_C,test,0,0,menu,menu,1,museum_menu
interaction_20260306_084406#32,user_C,test,0,0,menu,menu,1,museum_menu
interaction_20260306_084406#33,user_C,test,0,0,menu,menu,1,museum_menu
interaction_20260306_084406#34,user_C,test,0,0,menu,menu,1,museum_menu
interaction_20260306_084406#35,user_C,test,0,0,menu,menu,1,museum_menu
interaction_20260306_084406#36,user_C,test,0,0,menu,menu,1,museum_menu
interaction_20260306_084406#37,user_C,test,0,0,menu,menu,1,museum_menu
interaction_20260306_084406#38,user_C,test,0,0,menu,menu,1,museum_menu
interaction_20260306_084406#39,user_C,test,0,0,menu,menu,1,museum_menu
interaction_20260306_084406#40,user_C,test,0,0,menu,menu,1,museum_menu
interaction_20260306_084406#41,user_C,test,0,0,menu,menu,1,museum_menu
interaction_20260306_084406#42,user_C,test,0,0,menu,menu,1,museum_menu
interaction_20260306_084406#43,user_C,test,0,0,menu,menu,1,museum_menu
interaction_20260306_084406#44,user_C,test,0,0,menu,menu,1,museum_menu
interaction_20260306_084406#45,user_C,test,0,0,menu,menu,1,museum_menu
interaction_20260306_084406#46,user_C,test,0,0,menu,menu,1,museum_menu
interaction_20260306_084406#47,user_C,test,0,0,menu,menu,1,museum_menu
interaction_20260306_084406#48,user_C,test,0,0,menu,menu,1,museum_menu
interaction_20260306_084406#49,user_C,test,0,0,menu,menu,1,museum_menu
interaction_20260306_084406#50,user_C,test,0,0,menu,menu,1,museum_menu
interaction_20260306_084406#51,user_C,test,0,0,menu,menu,1,museum_menu
interaction_20260306_084406#52,user_C,test,0,0,menu,menu,1,museum_menu
interaction_20260306_084406#53,user_C,test,0,0,menu,menu,1,museum_menu
interaction_20260306_084406#54,user_C,test,0,0,menu,menu,1,museum_menu
interaction_20260306_084406#55,user_C,test,0,0,menu,menu,1,museum_menu
interaction_20260306_084406#56,user_C,test,0,0,menu,menu,1,museum_menu
interaction_20260306_084406#57,user_C,test,0,0,menu,menu,1,museum_menu
interaction_20260306_084406#58,user_C,test,0,0,menu,menu,1,museum_menu
interaction_20260306_084406#59,user_C,test,0,0,menu,menu,1,museum_menu
interaction_20260306_084853#0,user_C,test,5,5,cancel,cancel,1,museum_cancel
interaction_20260306_084853#1,user_C,test,5,5,cancel,cancel,1,museum_cancel
interaction_20260306_084853#2,user_C,test,5,5,cancel,cancel,1,museum_cancel
interaction_20260306_084853#3,user_C,test,5,5,cancel,cancel,1,museum_cancel
interaction_20260306_084853#4,user_C,test,5,5,cancel,cancel,1,museum_cancel
interaction_20260306_084853#5,user_C,test,5,5,cancel,cancel,1,museum_cancel
interaction_20260306_084853#6,user_C,test,5,5,cancel,cancel,1,museum_cancel
interaction_20260306_084853#7,user_C,test,5,5,cancel,cancel,1,museum_cancel
interaction_20260306_084853#8,user_C,test,5,5,cancel,cancel,1,museum_cancel
interaction_20260306_084853#9,user_C,test,5,5,cancel,cancel,1,museum_cancel
interaction_20260306_084853#10,user_C,test,5,5,cancel,cancel,1,museum_cancel
interaction_20260306_084853#11,user_C,test,5,5,cancel,cancel,1,museum_cancel
interaction_20260306_084853#12,user_C,test,5,5,cancel,cancel,1,museum_cancel
interaction_20260306_084853#13,user_C,test,5,5,cancel,cancel,1,museum_cancel
interaction_20260306_084853#14,user_C,test,5,5,cancel,cancel,1,museum_cancel
interaction_20260306_084853#15,user_C,test,5,5,cancel,cancel,1,museum_cancel
interaction_20260306_084853#16,user_C,test,5,5,cancel,cancel,1,museum_cancel
interaction_20260306_084853#17,user_C,test,5,5,cancel,cancel,1,museum_cancel
interaction_20260306_084853#18,user_C,test,5,5,cancel,cancel,1,museum_cancel
interaction_20260306_084853#19,user_C,test,5,5,cancel,cancel,1,museum_cancel
interaction_20260306_084853#20,user_C,test,5,5,cancel,cancel,1,museum_cancel
interaction_20260306_084853#21,user_C,test,5,5,cancel,cancel,1,museum_cancel
interaction_20260306_084853#22,user_C,test,5,5,cancel,cancel,1,museum_cancel
interaction_20260306_084853#23,user_C,test,5,5,cancel,cancel,1,museum_cancel
interaction_20260306_084853#24,user_C,test,5,5,cancel,cancel,1,museum_cancel
interaction_20260306_084853#25,user_C,test,5,5,cancel,cancel,1,museum_cancel
interaction_20260306_084853#26,user_C,test,5,5,cancel,cancel,1,museum_cancel
interaction_20260306_084853#27,user_C,test,5,5,cancel,cancel,1,museum_cancel
interaction_20260306_084853#28,user_C,test,5,5,cancel,cancel,1,museum_cancel
interaction_20260306_084853#29,user_C,test,5,5,cancel,cancel,1,museum_cancel
interaction_20260306_084853#30,user_C,test,5,5,cancel,cancel,1,museum_cancel
interaction_20260306_084853#31,user_C,test,5,5,cancel,cancel,1,museum_cancel
interaction_20260306_084853#32,user_C,test,5,5,cancel,cancel,1,museum_cancel
interaction_20260306_084853#33,user_C,test,5,5,cancel,cancel,1,museum_cancel
interaction_20260306_084853#34,user_C,test,5,5,cancel,cancel,1,museum_cancel
interaction_20260306_084853#35,user_C,test,5,5,cancel,cancel,1,museum_cancel
interaction_20260306_084853#36,user_C,test,5,5,cancel,cancel,1,museum_cancel
interaction_20260306_084853#37,user_C,test,5,5,cancel,cancel,1,museum_cancel
interaction_20260306_084853#38,user_C,test,5,5,cancel,cancel,1,museum_cancel
interaction_20260306_084853#39,user_C,test,5,5,cancel,cancel,1,museum_cancel
interaction_20260306_084853#40,user_C,test,5,5,cancel,cancel,1,museum_cancel
interaction_20260306_084853#41,user_C,test,5,5,cancel,cancel,1,museum_cancel
interaction_20260306_084853#42,user_C,test,5,5,cancel,cancel,1,museum_cancel
interaction_20260306_084853#43,user_C,test,5,5,cancel,cancel,1,museum_cancel
interaction_20260306_084853#44,user_C,test,5,5,cancel,cancel,1,museum_cancel
interaction_20260306_084853#45,user_C,test,5,5,cancel,cancel,1,museum_cancel
interaction_20260306_084853#46,user_C,test,5,5,cancel,cancel,1,museum_cancel
interaction_20260306_084853#47,user_C,test,5,5,cancel,cancel,1,museum_cancel
interaction_20260306_084853#48,user_C,test,5,5,cancel,cancel,1,museum_cancel
interaction_20260306_084853#49,user_C,test,5,5,cancel,cancel,1,museum_cancel
interaction_20260306_084853#50,user_C,test,5,5,cancel,cancel,1,museum_cancel
interaction_20260306_084853#51,user_C,test,5,5,cancel,cancel,1,museum_cancel
interaction_20260306_084853#52,user_C,test,5,5,cancel,cancel,1,museum_cancel
interaction_20260306_084853#53,user_C,test,5,5,cancel,cancel,1,museum_cancel
interaction_20260306_084853#54,user_C,test,5,5,cancel,cancel,1,museum_cancel
interaction_20260306_084853#55,user_C,test,5,5,cancel,cancel,1,museum_cancel
interaction_20260306_085830#0,user_C,test,4,4,brush,brush,1,museum_brush
interaction_20260306_085830#1,user_C,test,4,4,brush,brush,1,museum_brush
interaction_20260306_085830#2,user_C,test,4,4,brush,brush,1,museum_brush
interaction_20260306_085830#3,user_C,test,4,4,brush,brush,1,museum_brush
interaction_20260306_085830#4,user_C,test,4,4,brush,brush,1,museum_brush
interaction_20260306_085830#5,user_C,test,4,4,brush,brush,1,museum_brush
interaction_20260306_085830#6,user_C,test,4,4,brush,brush,1,museum_brush
interaction_20260306_085830#7,user_C,test,4,4,brush,brush,1,museum_brush
interaction_20260306_085830#8,user_C,test,4,4,brush,brush,1,museum_brush
interaction_20260306_085830#9,user_C,test,4,4,brush,brush,1,museum_brush
interaction_20260306_085830#10,user_C,test,4,4,brush,brush,1,museum_brush
interaction_20260306_085830#11,user_C,test,4,4,brush,brush,1,museum_brush
interaction_20260306_085830#12,user_C,test,4,4,brush,brush,1,museum_brush
interaction_20260306_085830#13,user_C,test,4,4,brush,brush,1,museum_brush
interaction_20260306_085830#14,user_C,test,4,0,brush,menu,0,museum_brush
interaction_20260306_085830#15,user_C,test,4,4,brush,brush,1,museum_brush
interaction_20260306_085830#16,user_C,test,4,4,brush,brush,1,museum_brush
interaction_20260306_085830#17,user_C,test,4,4,brush,brush,1,museum_brush
interaction_20260306_085830#18,user_C,test,4,4,brush,brush,1,museum_brush
interaction_20260306_085830#19,user_C,test,4,4,brush,brush,1,museum_brush
interaction_20260306_085830#20,user_C,test,4,4,brush,brush,1,museum_brush
interaction_20260306_085830#21,user_C,test,4,4,brush,brush,1,museum_brush
interaction_20260306_085830#22,user_C,test,4,4,brush,brush,1,museum_brush
interaction_20260306_085830#23,user_C,test,4,4,brush,brush,1,museum_brush
interaction_20260306_085830#24,user_C,test,4,4,brush,brush,1,museum_brush
interaction_20260306_085830#25,user_C,test,4,4,brush,brush,1,museum_brush
interaction_20260306_085830#26,user_C,test,4,4,brush,brush,1,museum_brush
interaction_20260306_085830#27,user_C,test,4,4,brush,brush,1,museum_brush
interaction_20260306_085830#28,user_C,test,4,4,brush,brush,1,museum_brush
interaction_20260306_085830#29,user_C,test,4,4,brush,brush,1,museum_brush
interaction_20260306_085830#30,user_C,test,4,4,brush,brush,1,museum_brush
interaction_20260306_085830#31,user_C,test,4,4,brush,brush,1,museum_brush
interaction_20260306_085830#32,user_C,test,4,4,brush,brush,1,museum_brush
interaction_20260306_085830#33,user_C,test,4,4,brush,brush,1,museum_brush
interaction_20260306_085830#34,user_C,test,4,4,brush,brush,1,museum_brush
interaction_20260306_085830#35,user_C,test,4,4,brush,brush,1,museum_brush
interaction_20260306_085830#36,user_C,test,4,4,brush,brush,1,museum_brush
interaction_20260306_085830#37,user_C,test,4,4,brush,brush,1,museum_brush
interaction_20260306_085830#38,user_C,test,4,4,brush,brush,1,museum_brush
interaction_20260306_085830#39,user_C,test,4,4,brush,brush,1,museum_brush
interaction_20260306_085830#40,user_C,test,4,0,brush,menu,0,museum_brush
interaction_20260306_085830#41,user_C,test,4,0,brush,menu,0,museum_brush
interaction_20260306_085830#42,user_C,test,4,0,brush,menu,0,museum_brush
interaction_20260306_085830#43,user_C,test,4,4,brush,brush,1,museum_brush
interaction_20260306_085830#44,user_C,test,4,4,brush,brush,1,museum_brush
interaction_20260306_085830#45,user_C,test,4,4,brush,brush,1,museum_brush
interaction_20260306_085830#46,user_C,test,4,4,brush,brush,1,museum_brush
interaction_20260306_085830#47,user_C,test,4,0,brush,menu,0,museum_brush
interaction_20260306_085830#48,user_C,test,4,0,brush,menu,0,museum_brush
interaction_20260306_085830#49,user_C,test,4,0,brush,menu,0,museum_brush
interaction_20260306_085830#50,user_C,test,4,0,brush,menu,0,museum_brush
interaction_20260306_090441#0,user_C,test,1,1,select,select,1,museum_select
interaction_20260306_090441#1,user_C,test,1,1,select,select,1,museum_select
interaction_20260306_090441#2,user_C,test,1,1,select,select,1,museum_select
interaction_20260306_090441#3,user_C,test,1,1,select,select,1,museum_select
interaction_20260306_090441#4,user_C,test,1,1,select,select,1,museum_select
interaction_20260306_090441#5,user_C,test,1,1,select,select,1,museum_select
interaction_20260306_090441#6,user_C,test,1,1,select,select,1,museum_select
interaction_20260306_090441#7,user_C,test,1,1,select,select,1,museum_select
interaction_20260306_090441#8,user_C,test,1,1,select,select,1,museum_select
interaction_20260306_090441#9,user_C,test,1,1,select,select,1,museum_select
interaction_20260306_090441#10,user_C,test,1,1,select,select,1,museum_select
interaction_20260306_090441#11,user_C,test,1,1,select,select,1,museum_select
interaction_20260306_090441#12,user_C,test,1,1,select,select,1,museum_select
interaction_20260306_090441#13,user_C,test,1,1,select,select,1,museum_select
interaction_20260306_090441#14,user_C,test,1,1,select,select,1,museum_select
interaction_20260306_090441#15,user_C,test,1,1,select,select,1,museum_select
interaction_20260306_090441#16,user_C,test,1,1,select,select,1,museum_select
interaction_20260306_090441#17,user_C,test,1,1,select,select,1,museum_select
interaction_20260306_090441#18,user_C,test,1,1,select,select,1,museum_select
interaction_20260306_090441#19,user_C,test,1,1,select,select,1,museum_select
interaction_20260306_090441#20,user_C,test,1,1,select,select,1,museum_select
interaction_20260306_090441#21,user_C,test,1,1,select,select,1,museum_select
interaction_20260306_090441#22,user_C,test,1,1,select,select,1,museum_select
interaction_20260306_090441#23,user_C,test,1,1,select,select,1,museum_select
interaction_20260306_090441#24,user_C,test,1,1,select,select,1,museum_select
interaction_20260306_090441#25,user_C,test,1,1,select,select,1,museum_select
interaction_20260306_090441#26,user_C,test,1,1,select,select,1,museum_select
interaction_20260306_090441#27,user_C,test,1,1,select,select,1,museum_select
interaction_20260306_090441#28,user_C,test,1,1,select,select,1,museum_select
interaction_20260306_090441#29,user_C,test,1,1,select,select,1,museum_select
interaction_20260306_090441#30,user_C,test,1,1,select,select,1,museum_select
interaction_20260306_090441#31,user_C,test,1,1,select,select,1,museum_select
interaction_20260306_090441#32,user_C,test,1,1,select,select,1,museum_select
interaction_20260306_090441#33,user_C,test,1,1,select,select,1,museum_select
interaction_20260306_090441#34,user_C,test,1,1,select,select,1,museum_select
interaction_20260306_090441#35,user_C,test,1,1,select,select,1,museum_select
interaction_20260306_090441#36,user_C,test,1,1,select,select,1,museum_select
interaction_20260306_090441#37,user_C,test,1,1,select,select,1,museum_select
interaction_20260306_090441#38,user_C,test,1,1,select,select,1,museum_select
interaction_20260306_090441#39,user_C,test,1,1,select,select,1,museum_select
interaction_20260306_090441#40,user_C,test,1,1,select,select,1,museum_select
interaction_20260306_090441#41,user_C,test,1,1,select,select,1,museum_select
interaction_20260306_090441#42,user_C,test,1,1,select,select,1,museum_select
interaction_20260306_090441#43,user_C,test,1,1,select,select,1,museum_select
interaction_20260306_090441#44,user_C,test,1,1,select,select,1,museum_select
interaction_20260306_090441#45,user_C,test,1,1,select,select,1,museum_select
interaction_20260306_090441#46,user_C,test,1,1,select,select,1,museum_select
interaction_20260306_090441#47,user_C,test,1,1,select,select,1,museum_select
interaction_20260306_090441#48,user_C,test,1,1,select,select,1,museum_select
interaction_20260306_090441#49,user_C,test,1,1,select,select,1,museum_select
interaction_20260306_090441#50,user_C,test,1,1,select,select,1,museum_select
interaction_20260306_090441#51,user_C,test,1,1,select,select,1,museum_select
interaction_20260306_090441#52,user_C,test,1,1,select,select,1,museum_select
interaction_20260306_090441#53,user_C,test,1,1,select,select,1,museum_select
interaction_20260306_090441#54,user_C,test,1,1,select,select,1,museum_select
interaction_20260306_090441#55,user_C,test,1,1,select,select,1,museum_select
interaction_20260306_090441#56,user_C,test,1,1,select,select,1,museum_select
interaction_20260306_090441#57,user_C,test,1,1,select,select,1,museum_select
interaction_20260306_090441#58,user_C,test,1,1,select,select,1,museum_select
interaction_20260306_090441#59,user_C,test,1,1,select,select,1,museum_select
interaction_20260306_090441#60,user_C,test,1,1,select,select,1,museum_select
interaction_20260306_090441#61,user_C,test,1,1,select,select,1,museum_select
interaction_20260306_090441#62,user_C,test,1,1,select,select,1,museum_select
interaction_20260306_090441#63,user_C,test,1,1,select,select,1,museum_select
interaction_20260306_090441#64,user_C,test,1,1,select,select,1,museum_select
interaction_20260306_090441#65,user_C,test,1,1,select,select,1,museum_select
interaction_20260306_090441#66,user_C,test,1,1,select,select,1,museum_select
interaction_20260306_090441#67,user_C,test,1,1,select,select,1,museum_select
interaction_20260306_090441#68,user_C,test,1,1,select,select,1,museum_select
interaction_20260306_090441#69,user_C,test,1,1,select,select,1,museum_select
interaction_20260306_090441#70,user_C,test,1,1,select,select,1,museum_select
interaction_20260306_090441#71,user_C,test,1,1,select,select,1,museum_select
interaction_20260306_090441#72,user_C,test,1,1,select,select,1,museum_select
interaction_20260306_090441#73,user_C,test,1,1,select,select,1,museum_select
interaction_20260306_090441#74,user_C,test,1,1,select,select,1,museum_select
interaction_20260306_090441#75,user_C,test,1,1,select,select,1,museum_select
interaction_20260306_090441#76,user_C,test,1,1,select,select,1,museum_select
interaction_20260306_090441#77,user_C,test,1,1,select,select,1,museum_select
interaction_20260306_090441#78,user_C,test,1,1,select,select,1,museum_select
interaction_20260306_090441#79,user_C,test,1,1,select,select,1,museum_select
interaction_20260306_090441#80,user_C,test,1,1,select,select,1,museum_select
interaction_20260306_090441#81,user_C,test,1,1,select,select,1,museum_select
interaction_20260306_090441#82,user_C,test,1,1,select,select,1,museum_select
interaction_20260306_090441#83,user_C,test,1,4,select,brush,0,museum_select
